match_date,home_team,away_team,season,actual_result,predicted_result,correct,prob_H,prob_D,prob_A,elo_diff,home_xg,away_xg,xg_diff,dc_home_attack,dc_away_defence,form_home_5,form_away_5,rest_days_home,rest_days_away
2023-08-11,Burnley,Man City,2023-2024,A,A,True,0.0608906236144692,0.1753649935969263,0.7637443827886043,-335.22213362379944,1.29,1.15,0.14,1.04,1.011,15.0,6.9,7,4
2023-08-12,Sheffield United,Crystal Palace,2023-2024,A,A,True,0.0841782459328951,0.1835008133172934,0.7323209407498114,10.661519617473688,1.35,1.1,0.25,0.854,1.125,8.1,6.6,5,6
2023-08-12,Bournemouth,West Ham,2023-2024,D,D,True,0.2480703839745546,0.5617460569620312,0.1901835590634143,-31.86898015974953,1.66,1.35,0.31,1.273,1.092,5.9,7.6,7,6
2023-08-13,Chelsea,Liverpool,2023-2024,D,D,True,0.1773396085010293,0.6640883688689203,0.1585720226300502,-197.5847638578516,1.89,1.97,-0.08,0.989,0.71,8.3,12.3,10,7
2023-08-14,Man United,Wolves,2023-2024,H,H,True,0.561442218445735,0.1861140905509262,0.2524436910033388,178.7416698534455,1.47,1.43,0.04,1.062,1.196,1.7,3.3,4,10
2023-08-19,Wolves,Brighton,2023-2024,A,A,True,0.1564852334005476,0.3189139616989003,0.524600804900552,-123.29401467055207,1.17,1.23,-0.06,1.264,1.253,3.3,8.3,6,3
2023-08-20,West Ham,Chelsea,2023-2024,H,A,False,0.3159072589974587,0.1309564077457523,0.5531363332567889,-8.37049292498773,2.1,1.2,0.9,0.956,0.843,12.7,11.5,5,6
2023-08-20,Aston Villa,Everton,2023-2024,H,H,True,0.850669601661592,0.1006700332213811,0.0486603651170267,155.68674097801727,1.9,0.66,1.24,0.877,0.996,4.7,9.5,10,3
2023-08-21,Crystal Palace,Arsenal,2023-2024,A,A,True,0.0867673073921238,0.1674681991669739,0.7457644934409022,-161.87075646888047,1.03,1.31,-0.28,0.728,1.094,3.0,8.1,4,5
2023-08-26,Brighton,West Ham,2023-2024,A,A,True,0.0825742059938592,0.1565052986877652,0.7609204953183755,115.76833526779296,1.76,0.99,0.77,1.265,0.981,9.8,11.6,6,4
2023-08-26,Brentford,Crystal Palace,2023-2024,D,D,True,0.1926093257748239,0.6662380243040381,0.1411526499211379,94.03839347821145,1.29,1.27,0.02,0.879,0.832,12.6,0.0,6,5
2023-08-26,Arsenal,Fulham,2023-2024,D,D,True,0.464366797489072,0.4752812164885874,0.0603519860223405,188.5094615242574,1.38,0.71,0.67,1.522,0.785,10.6,10.2,4,5
2023-09-02,Man City,Fulham,2023-2024,H,H,True,0.7331764944113288,0.184543732849279,0.0822797727393922,277.2300323628717,1.79,1.21,0.58,0.788,0.886,11.8,4.5,4,6
2023-09-02,Brentford,Bournemouth,2023-2024,D,D,True,0.3577616542030996,0.5158614379715071,0.1263769078253933,178.2202162435949,0.72,1.71,-0.99,1.506,1.138,4.2,0.0,6,5
2023-09-02,Burnley,Tottenham,2023-2024,A,A,True,0.0658493381845423,0.1599384780587253,0.7742121837567324,-172.94348276080882,0.45,1.28,-0.83,1.077,1.107,1.4,9.5,6,6
2023-09-16,Tottenham,Sheffield United,2023-2024,H,H,True,0.8114968689024262,0.148054630500591,0.0404485005969826,123.43840006011828,1.27,1.28,-0.01,1.127,0.859,14.0,13.2,5,5
2023-09-16,West Ham,Man City,2023-2024,A,A,True,0.0499170756025229,0.1020461256184952,0.8480367987789819,-270.8158192701949,0.67,1.69,-1.02,0.889,1.174,6.1,6.7,6,3
2023-09-16,Aston Villa,Crystal Palace,2023-2024,H,H,True,0.8340798602710346,0.1103941779697013,0.055525961759264,73.38298093936146,1.61,0.98,0.63,1.207,0.4,6.4,11.4,5,7
2023-09-17,Bournemouth,Chelsea,2023-2024,D,A,False,0.2457834772221575,0.3572770162865067,0.3969395064913357,-34.3293579110491,0.96,1.32,-0.36,1.08,1.187,13.2,14.2,6,4
2023-09-24,Arsenal,Tottenham,2023-2024,D,D,True,0.3151811455135748,0.5538764843115431,0.130942370174882,91.32138466077116,0.86,1.14,-0.28,1.355,0.607,9.9,13.0,4,5
2023-09-24,Brighton,Bournemouth,2023-2024,H,H,True,0.6632872380987339,0.2110187045969458,0.1256940573043203,187.0404066211649,2.25,1.1,1.15,1.193,0.844,9.5,14.4,10,6
2023-09-24,Chelsea,Aston Villa,2023-2024,A,D,False,0.1920313362152712,0.4565791839317386,0.3513894798529902,-143.9286557138421,1.15,0.98,0.17,1.076,0.783,15.0,10.5,4,5
2023-09-30,Everton,Luton,2023-2024,A,H,False,0.5581488409650003,0.2119482891994323,0.2299028698355674,-29.780767636984137,1.4,1.23,0.17,1.016,0.721,4.7,7.6,5,3
2023-09-30,West Ham,Sheffield United,2023-2024,H,H,True,0.5388095894565486,0.3571699644498655,0.104020446093586,53.57469523705549,0.81,1.37,-0.56,1.109,1.167,11.5,0.4,3,5
2023-09-30,Aston Villa,Brighton,2023-2024,H,H,True,0.3835706161096479,0.3014913323494587,0.3149380515408933,6.037417135624764,1.16,1.8,-0.64,1.164,0.87,7.7,6.2,4,10
2023-10-07,Man United,Brentford,2023-2024,H,H,True,0.6236686440356105,0.2172781864238642,0.1590531695405253,47.91027214120732,1.5,1.57,-0.07,0.776,1.014,8.7,3.7,5,6
2023-10-07,Luton,Tottenham,2023-2024,A,A,True,0.1256280674680902,0.1881691665915967,0.6862027659403129,-178.21696648384386,0.7,2.24,-1.54,0.764,0.996,14.1,15.0,4,6
2023-10-07,Fulham,Sheffield United,2023-2024,H,H,True,0.6652809671710713,0.2365832391247521,0.0981357937041765,54.21973528238391,1.62,0.84,0.78,1.269,1.037,9.7,6.5,7,6
2023-10-08,West Ham,Newcastle,2023-2024,D,A,False,0.1057173635364262,0.3911456268002573,0.5031370096633165,-116.02943238098057,1.01,1.65,-0.64,1.091,1.004,9.8,7.8,3,4
2023-10-08,Wolves,Aston Villa,2023-2024,D,D,True,0.2614953203424398,0.5763805365505381,0.162124143107022,-154.86894740055754,1.11,1.39,-0.28,1.005,0.755,12.1,9.7,5,5
2023-10-08,Brighton,Liverpool,2023-2024,D,D,True,0.1780050430501128,0.4716922341995889,0.3503027227502983,-95.03609328073868,1.03,2.19,-1.16,1.068,1.173,5.9,7.5,5,7
2023-10-21,Nott'm Forest,Luton,2023-2024,D,D,True,0.3876512692799846,0.5343234784584969,0.0780252522615185,44.14364168994507,2.28,0.83,1.45,1.186,0.855,3.9,14.6,3,4
2023-10-21,Bournemouth,Wolves,2023-2024,A,A,True,0.1018599606804342,0.1237902039204546,0.7743498353991111,-82.12036612934935,1.31,0.91,0.4,0.961,0.685,3.0,4.6,4,4
2023-10-27,Crystal Palace,Tottenham,2023-2024,A,A,True,0.206896342161866,0.256988423753384,0.5361152340847499,-131.63907439753916,0.79,1.05,-0.26,0.895,0.912,0.0,8.1,5,4
2023-10-28,Wolves,Newcastle,2023-2024,D,A,False,0.0990194699811193,0.3899956082898678,0.5109849217290129,-149.28598540145163,1.62,0.42,1.2,1.083,1.282,15.0,4.1,5,5
2023-10-28,Bournemouth,Burnley,2023-2024,H,H,True,0.4462867323390592,0.2270390848113474,0.3266741828495932,-16.207674364395416,0.83,0.99,-0.16,0.898,1.126,2.8,1.6,5,14
2023-11-04,Sheffield United,Wolves,2023-2024,H,A,False,0.3060575156908063,0.2605503088742437,0.4333921754349498,-73.5466827529483,1.42,0.94,0.48,1.154,0.912,6.5,4.7,5,3
2023-11-04,Brentford,West Ham,2023-2024,H,D,False,0.3331050767285912,0.4382839021282441,0.2286110211431646,70.78378388371925,0.59,1.21,-0.62,0.786,0.876,6.3,7.1,6,5
2023-11-05,Luton,Liverpool,2023-2024,D,A,False,0.0759015499557379,0.223698585303984,0.7003998647402779,-260.91600685827825,0.54,1.54,-1.0,1.208,0.964,8.8,5.5,3,4
2023-11-06,Tottenham,Chelsea,2023-2024,A,A,True,0.0868167316305989,0.1302133079948988,0.7829699603745022,190.718460487336,1.68,1.84,-0.16,1.266,1.307,11.0,4.3,5,14
2023-11-11,Crystal Palace,Everton,2023-2024,A,H,False,0.527794583566426,0.1962079603579873,0.2759974560755868,76.21418531560312,1.81,1.54,0.27,1.18,1.014,11.2,1.3,14,4
2023-11-11,Arsenal,Burnley,2023-2024,H,H,True,0.7683074287346282,0.1703794352148712,0.0613131360505004,331.20007424051096,1.81,0.71,1.1,1.421,0.959,5.0,6.9,5,5
2023-11-11,Wolves,Tottenham,2023-2024,H,H,True,0.6272200910952184,0.2211224642699392,0.1516574446348424,-157.79374112563596,1.19,0.94,0.25,1.374,1.195,6.8,0.8,6,6
2023-11-12,West Ham,Nott'm Forest,2023-2024,H,H,True,0.453802982527708,0.2506175914007293,0.2955794260715627,-13.368403378517089,1.25,1.42,-0.17,1.298,1.009,8.7,10.6,5,6
2023-11-12,Brighton,Sheffield United,2023-2024,D,D,True,0.3978546929510318,0.3982242942746005,0.2039210127743676,147.52206230673437,0.88,0.53,0.35,0.787,0.874,6.4,7.7,7,5
2023-11-25,Newcastle,Chelsea,2023-2024,H,H,True,0.863160877228239,0.0983445672405621,0.0384945555311989,122.39082263451336,1.2,1.88,-0.68,0.89,0.892,14.4,1.0,7,5
2023-12-03,Liverpool,Fulham,2023-2024,H,H,True,0.7966129363737968,0.1084400703942171,0.094946993231986,209.5205898158822,1.4,1.54,-0.14,1.054,0.894,9.6,6.0,5,5
2023-12-03,Man City,Tottenham,2023-2024,D,H,False,0.6062927942608392,0.3314284190158038,0.062278786723357,171.17026648061824,2.05,0.87,1.18,1.169,0.91,10.7,4.1,14,4
2023-12-05,Wolves,Burnley,2023-2024,H,D,False,0.3058253359751994,0.4419982862471927,0.2521763777776079,118.93504527231198,1.67,0.39,1.28,1.248,1.069,10.4,8.7,4,4
2023-12-06,Crystal Palace,Bournemouth,2023-2024,A,A,True,0.178383351784208,0.3430874580556113,0.4785291901601806,49.74223157657434,0.66,1.73,-1.07,0.974,0.957,12.5,13.1,3,5
2023-12-07,Tottenham,West Ham,2023-2024,A,A,True,0.244344820172368,0.3457799505706787,0.4098752292569532,108.66244289536166,1.65,1.07,0.58,1.178,1.072,8.3,0.0,7,4
2023-12-10,Fulham,West Ham,2023-2024,H,H,True,0.6539980293828994,0.1832403105708519,0.1627616600462486,-20.299312858705207,1.21,1.74,-0.53,0.941,0.95,1.9,7.8,7,4
2023-12-10,Luton,Man City,2023-2024,A,A,True,0.0645749432948486,0.1559877444005111,0.7794373123046401,-302.9618285821439,0.79,0.76,0.03,0.864,1.051,9.2,6.6,4,6
2023-12-17,Arsenal,Brighton,2023-2024,H,H,True,0.8650704659078179,0.0845918229538653,0.0503377111383167,138.67604148976807,1.81,0.84,0.97,0.871,0.546,4.7,10.2,4,14
2023-12-17,Brentford,Aston Villa,2023-2024,A,A,True,0.1208328861594238,0.115531200537762,0.7636359133028141,-146.65786301610046,1.72,1.31,0.41,0.86,1.171,5.2,8.2,3,6
2023-12-23,Luton,Newcastle,2023-2024,H,A,False,0.2847885881521899,0.3355202275837224,0.3796911842640877,-192.0136983498324,1.63,1.36,0.27,0.758,1.074,10.0,4.1,4,3
2023-12-23,Fulham,Burnley,2023-2024,A,H,False,0.4952067851801265,0.2002474478824847,0.3045457669373888,155.7740052296565,1.18,0.89,0.29,0.963,1.111,12.8,5.9,7,3
2023-12-31,Tottenham,Bournemouth,2023-2024,H,H,True,0.6144382098891085,0.2963906429832826,0.0891711471276088,90.92286933780792,1.35,1.39,-0.04,1.345,0.4,7.6,3.9,5,14
2024-01-20,Arsenal,Crystal Palace,2023-2024,H,H,True,0.9233412209616232,0.0533172231714937,0.023341555866883,204.1923552457868,1.75,0.6,1.15,0.987,1.306,8.8,11.9,5,4
2024-01-30,Luton,Brighton,2023-2024,H,H,True,0.723548599839311,0.1728995967963894,0.1035518033642996,-124.21914811861508,1.71,1.23,0.48,1.58,0.965,14.8,7.4,5,3
2024-01-30,Nott'm Forest,Arsenal,2023-2024,A,A,True,0.0909265831494168,0.261935404426029,0.6471380124245543,-234.2899543148125,0.95,1.43,-0.48,1.111,1.229,8.5,15.0,3,6
2024-02-03,Brighton,Crystal Palace,2023-2024,H,H,True,0.5890499971265344,0.3182944893691951,0.0926555135042704,85.35719247007069,1.4,1.35,0.05,1.169,0.741,15.0,7.0,4,6
2024-02-04,Man United,West Ham,2023-2024,H,A,False,0.3310619090425752,0.2588769553866842,0.4100611355707405,56.43672447585277,0.96,1.46,-0.5,0.949,1.062,9.9,4.3,6,6
2024-02-05,Brentford,Man City,2023-2024,A,A,True,0.0723379245641739,0.2025577559022685,0.7251043195335575,-282.8392756678384,0.58,0.94,-0.36,1.134,0.831,0.0,0.8,14,4
2024-02-10,Wolves,Brentford,2023-2024,A,A,True,0.1046443950335046,0.2645106346341097,0.6308449703323856,55.98945706164864,1.82,0.51,1.31,1.006,0.827,10.7,0.0,7,3
2024-02-10,Liverpool,Burnley,2023-2024,H,H,True,0.6906146525989083,0.2663199067982357,0.0430654406028559,363.00823641589454,2.37,1.46,0.91,1.261,1.233,9.1,0.5,3,14
2024-02-10,Fulham,Bournemouth,2023-2024,H,D,False,0.3136714721132191,0.3639378972635205,0.3223906306232603,-16.66817710726491,1.35,1.35,0.0,1.606,0.928,13.0,8.4,10,4
2024-02-10,Luton,Sheffield United,2023-2024,A,A,True,0.2413292224405179,0.319943063697237,0.4387277138622451,93.34875372940904,1.94,0.82,1.12,1.116,0.978,10.4,9.5,7,6
2024-02-17,Burnley,Arsenal,2023-2024,A,A,True,0.0495004256312057,0.1537300975605576,0.7967694768082365,-350.77624546478364,1.21,2.11,-0.9,1.198,1.213,6.9,0.5,7,6
2024-02-17,Nott'm Forest,West Ham,2023-2024,H,H,True,0.6625018478534637,0.2219176256747491,0.1155805264717872,-101.66042570490184,1.01,1.32,-0.31,0.921,1.08,2.2,11.1,5,6
2024-02-17,Tottenham,Wolves,2023-2024,A,D,False,0.1623776229364901,0.4428633657507055,0.3947590113128044,125.81992030315156,1.69,1.6,0.09,1.14,0.957,6.6,5.2,5,5
2024-02-17,Brentford,Liverpool,2023-2024,A,A,True,0.1121981063221979,0.2122592006594568,0.6755426930183451,-237.4322362522485,1.85,1.41,0.44,1.365,1.089,3.8,7.9,5,4
2024-02-18,Sheffield United,Brighton,2023-2024,A,A,True,0.0442212550856004,0.1351798720424182,0.8205988728719813,-149.4007076289488,1.23,2.18,-0.95,0.919,1.454,5.0,14.2,3,6
2024-02-18,Luton,Man United,2023-2024,A,A,True,0.1284371959848937,0.1292756424214827,0.7422871615936235,-184.2353738122188,1.92,2.08,-0.16,1.393,0.995,10.0,11.2,4,10
2024-02-19,Everton,Crystal Palace,2023-2024,D,D,True,0.4457780653438106,0.4640521895912918,0.0901697450648976,47.08507797577545,0.27,1.06,-0.79,1.259,0.986,14.7,6.1,4,10
2024-02-21,Liverpool,Luton,2023-2024,H,H,True,0.8214149816711347,0.1495896112647379,0.0289954070641274,300.45481392673014,2.07,1.38,0.69,1.1,1.085,9.2,3.5,5,4
2024-02-24,Aston Villa,Nott'm Forest,2023-2024,H,H,True,0.8541500772796369,0.1079134406125961,0.0379364821077669,193.43666089475343,1.63,1.33,0.3,1.299,1.122,2.4,0.0,6,4
2024-03-02,Newcastle,Wolves,2023-2024,H,H,True,0.7209779506846948,0.1766860767725338,0.1023359725427713,35.63263350703801,1.3,1.75,-0.45,1.308,1.177,9.4,4.2,5,10
2024-03-02,Nott'm Forest,Liverpool,2023-2024,A,A,True,0.0822825643405028,0.2104066576291881,0.707310778030309,-307.23994814746084,1.13,1.03,0.1,1.109,1.158,12.6,6.4,3,6
2024-03-02,Everton,West Ham,2023-2024,A,A,True,0.337492120618426,0.1566291423285461,0.5058787370530278,-27.12764674886489,0.48,1.51,-1.03,0.776,0.75,4.9,3.1,14,10
2024-03-03,Man City,Man United,2023-2024,H,H,True,0.7832336580833905,0.1719128313396115,0.0448535105769979,150.54059083478865,1.45,1.53,-0.08,1.011,1.233,6.9,6.7,10,4
2024-03-03,Burnley,Bournemouth,2023-2024,A,A,True,0.3436729130544618,0.2703562243271981,0.3859708626183402,-131.55915339984222,1.43,0.56,0.87,1.001,0.775,7.6,7.6,7,6
2024-03-16,Luton,Nott'm Forest,2023-2024,D,A,False,0.1350057562216255,0.3164540987498253,0.5485401450285492,0.4009870736176708,2.07,0.7,1.37,1.085,1.017,4.1,6.3,14,6
2024-03-17,West Ham,Aston Villa,2023-2024,D,H,False,0.5088390641259461,0.3366309173929853,0.1545300184810684,-99.9383721244128,1.07,0.42,0.65,1.187,0.842,10.3,4.5,5,6
2024-03-30,Aston Villa,Wolves,2023-2024,H,H,True,0.402762663565278,0.3228872856775702,0.2743500507571518,92.51359375561104,1.13,1.02,0.11,1.17,0.925,7.0,8.0,14,5
2024-03-31,Liverpool,Brighton,2023-2024,H,H,True,0.8925065426079659,0.0747562825891053,0.0327371748029288,192.3302915650964,1.37,1.36,0.01,0.905,0.974,9.3,9.2,3,3
2024-04-02,Burnley,Wolves,2023-2024,D,D,True,0.2551418278399951,0.5495410440172205,0.1953171281427842,-154.59178158742588,1.66,1.95,-0.29,1.118,1.06,3.7,2.6,5,6
2024-04-02,West Ham,Tottenham,2023-2024,D,H,False,0.4606016580895132,0.3818686349826056,0.1575297069278813,-101.28239771006632,1.45,1.31,0.14,1.184,1.065,5.6,13.4,4,4
2024-04-03,Man City,Aston Villa,2023-2024,H,H,True,0.8088759881486269,0.150736935637478,0.040387076213895,138.9310121038793,1.3,1.78,-0.48,1.264,1.232,10.6,6.9,4,5
2024-04-06,Luton,Bournemouth,2023-2024,H,H,True,0.5919213222970559,0.1865851604526599,0.2214935172502841,-105.41102910709174,1.53,0.7,0.83,1.277,1.073,5.9,7.4,4,14
2024-04-07,Man United,Liverpool,2023-2024,D,A,False,0.0933623464963224,0.1538974739820734,0.752740179521604,-150.7463212471239,1.29,0.6,0.69,1.21,0.951,14.9,10.3,6,5
2024-04-07,Sheffield United,Chelsea,2023-2024,D,H,False,0.4198898121403981,0.3353951781261008,0.244715009733501,-165.80351933220322,1.67,1.3,0.37,1.13,1.185,5.8,8.3,7,7
2024-04-07,Tottenham,Nott'm Forest,2023-2024,H,D,False,0.3136248852690684,0.4201125680356178,0.2662625466953138,181.7237561515301,1.27,1.23,0.04,1.154,1.141,8.5,11.4,6,4
2024-04-13,Nott'm Forest,Wolves,2023-2024,D,D,True,0.3660047192819482,0.3839670992533627,0.2500281814646891,-71.93627894979636,1.18,1.24,-0.06,0.741,0.745,11.5,8.5,4,6
2024-04-13,Man City,Luton,2023-2024,H,H,True,0.8858495881431223,0.0858227290216859,0.0283276828351917,362.1545541948242,1.59,0.2,1.39,1.322,0.983,1.4,4.7,7,14
2024-04-13,Bournemouth,Man United,2023-2024,D,A,False,0.2938548924668673,0.3519373136575153,0.3542077938756172,-106.89918144064724,0.63,1.24,-0.61,1.101,1.12,0.0,8.9,6,4
2024-04-14,Arsenal,Aston Villa,2023-2024,A,H,False,0.556162133991084,0.263639761617751,0.1801981043911649,137.35435255131802,1.67,0.55,1.12,1.206,0.869,0.9,2.4,5,3
2024-04-20,Luton,Brentford,2023-2024,A,A,True,0.1181524848098416,0.1432742013677133,0.7385733138224452,-46.0619630065471,1.47,1.52,-0.05,0.827,1.233,12.9,7.8,6,5
2024-04-24,Wolves,Bournemouth,2023-2024,A,A,True,0.0899562429882312,0.4079364554545002,0.5021073015572685,2.5337905143446733,1.4,1.35,0.05,0.885,0.931,5.1,7.2,4,3
2024-04-24,Everton,Liverpool,2023-2024,H,A,False,0.1035515059355931,0.247500672478279,0.6489478215861278,-257.65246953279257,1.04,1.0,0.04,1.214,1.048,15.0,6.4,5,6
2024-04-27,West Ham,Liverpool,2023-2024,D,A,False,0.1049176399528567,0.2610723794768868,0.6340099805702565,-207.8069936030672,0.56,1.14,-0.58,1.014,0.979,5.1,6.7,10,10
2024-04-27,Fulham,Crystal Palace,2023-2024,D,H,False,0.4337819435114945,0.3457965175280388,0.2204215389604666,2.385025445167912,1.21,0.75,0.46,1.237,0.962,8.3,0.0,4,5
2024-04-27,Wolves,Luton,2023-2024,H,H,True,0.5158607063234641,0.3869724490275919,0.0971668446489438,69.46697866470117,1.32,1.12,0.2,1.132,0.734,14.1,4.9,5,4
2024-05-04,Sheffield United,Nott'm Forest,2023-2024,A,H,False,0.3902541487593946,0.2535155850957983,0.356230266144807,-62.76818641621367,0.98,1.65,-0.67,1.082,0.702,15.0,7.7,10,5
2024-05-04,Brentford,Fulham,2023-2024,D,A,False,0.1575875403749351,0.2731199612588724,0.5692924983661923,-15.630806045715415,1.31,0.8,0.51,1.282,1.267,15.0,8.0,6,6
2024-05-04,Burnley,Newcastle,2023-2024,A,A,True,0.0532113426432723,0.1104958823545746,0.8362927750021529,-182.70250741631548,1.4,1.55,-0.15,0.928,0.845,12.7,2.9,3,3
2024-05-05,Brighton,Aston Villa,2023-2024,H,H,True,0.7362550023590961,0.1845235096560373,0.0792214879848665,-129.2102394754845,2.12,1.07,1.05,1.071,0.804,11.9,12.7,4,6
2024-05-11,Bournemouth,Brentford,2023-2024,A,A,True,0.1624176405034588,0.3182104487154351,0.5193719107811061,48.00599796118399,1.53,0.83,0.7,1.026,0.539,10.0,3.6,3,6
2024-05-11,Nott'm Forest,Chelsea,2023-2024,A,A,True,0.290301482148381,0.2264194099069449,0.483279107944674,-150.5033282977879,1.37,1.27,0.1,0.957,0.876,10.8,11.5,6,6
2024-05-11,Fulham,Man City,2023-2024,A,A,True,0.0533404622986818,0.2460403226278339,0.7006192150734842,-310.7159932392892,1.06,1.0,0.06,0.922,0.786,5.1,9.1,5,4
2024-05-14,Tottenham,Man City,2023-2024,A,D,False,0.2073701921484331,0.4351490475463683,0.3574807603051986,-232.2958892073168,0.3,1.14,-0.84,1.057,1.33,4.0,4.5,4,6
2024-05-15,Man United,Newcastle,2023-2024,H,A,False,0.3065985533930112,0.2015004768503219,0.4919009697566668,-21.67989903850548,1.37,0.71,0.66,0.996,1.157,7.5,14.9,14,3
2024-05-15,Brighton,Chelsea,2023-2024,A,D,False,0.3161992928824334,0.3569525690938852,0.3268481380236814,-59.79541757187394,1.37,2.07,-0.7,1.329,0.844,6.8,2.2,5,4
2024-05-19,Burnley,Nott'm Forest,2023-2024,A,A,True,0.2518797745137069,0.3465013198072128,0.4016189056790803,-33.881374522622764,2.47,1.24,1.23,0.908,1.396,5.6,11.3,4,10
2024-05-19,Liverpool,Wolves,2023-2024,H,H,True,0.8828877455491172,0.0826990072347057,0.0344132472161771,251.3674473266426,1.56,0.72,0.84,1.157,1.084,10.5,11.6,5,6
2024-05-19,Brentford,Newcastle,2023-2024,A,A,True,0.0475873463997325,0.085948511452906,0.8664641421473613,-82.92481423736058,1.45,1.35,0.1,0.981,0.919,11.6,4.4,6,3
2024-08-16,Man United,Fulham,2024-2025,H,H,True,0.7420741708427208,0.2127960833915372,0.0451297457657419,94.40382735749176,1.48,1.08,0.4,1.425,0.462,7.9,13.3,3,4
2024-08-17,West Ham,Aston Villa,2024-2025,A,A,True,0.25626748589486,0.3195656826889802,0.4241668314161598,-105.43972642670587,0.77,1.19,-0.42,1.1,1.422,13.9,6.2,4,4
2024-08-17,Ipswich,Liverpool,2024-2025,A,A,True,0.0584106701232747,0.1945572299480963,0.7470320999286291,-214.4090577733259,1.7,1.62,0.08,1.226,0.75,2.6,8.5,7,4
2024-08-18,Brentford,Crystal Palace,2024-2025,H,D,False,0.3839416811388653,0.4221110515965677,0.193947267264567,-71.01372364315262,1.67,1.57,0.1,0.776,0.665,6.7,8.4,5,4
2024-08-19,Leicester,Tottenham,2024-2025,D,D,True,0.1562979337032011,0.4744570260319505,0.3692450402648485,-162.25153092054234,1.59,1.1,0.49,1.093,1.195,4.4,6.7,5,3
2024-08-24,Aston Villa,Arsenal,2024-2025,A,D,False,0.2597770962296764,0.4660352497662177,0.2741876540041059,-158.54680073111558,0.83,1.08,-0.25,1.218,1.463,0.0,10.8,5,5
2024-08-24,Crystal Palace,West Ham,2024-2025,A,A,True,0.3048556443571807,0.2488011928207193,0.4463431628220999,47.398087587140935,2.08,1.05,1.03,1.134,1.211,7.1,10.7,3,6
2024-08-25,Liverpool,Brentford,2024-2025,H,H,True,0.8460229377129691,0.1186282977832856,0.0353487645037452,234.2641560035584,1.0,0.2,0.8,1.401,1.009,7.0,0.0,4,6
2024-08-25,Bournemouth,Newcastle,2024-2025,D,H,False,0.3907439253620945,0.3826382702877066,0.2266178043501988,-105.0882962864316,1.56,0.64,0.92,0.957,1.099,14.0,12.9,5,6
2024-08-31,Everton,Bournemouth,2024-2025,A,A,True,0.1599773705743502,0.1896713245107373,0.6503513049149126,-12.159369456506056,2.37,1.78,0.59,1.377,1.125,10.2,0.2,4,3
2024-08-31,Leicester,Aston Villa,2024-2025,A,A,True,0.1089110749024724,0.1615244006150581,0.7295645244824696,-197.5739594673557,0.76,2.04,-1.28,1.486,1.154,3.1,11.7,3,14
2024-08-31,Nott'm Forest,Wolves,2024-2025,D,D,True,0.3335764803992918,0.4133734020711242,0.2530501175295842,10.200512258059687,1.16,1.09,0.07,1.031,1.011,15.0,12.1,7,7
2024-09-14,Man City,Brentford,2024-2025,H,H,True,0.7787729241607463,0.1288856157000162,0.0923414601392376,352.8789406814526,1.8,1.18,0.62,1.143,0.892,12.8,2.6,14,7
2024-09-14,Liverpool,Nott'm Forest,2024-2025,A,H,False,0.5774056789222543,0.2727589604967678,0.1498353605809778,298.76000801288274,1.47,1.11,0.36,1.503,0.873,10.0,5.5,7,7
2024-09-14,Crystal Palace,Leicester,2024-2025,D,H,False,0.5841805372073162,0.3144632379956575,0.1013562247970262,119.2799882492816,0.82,2.4,-1.58,1.461,0.787,6.5,2.5,10,10
2024-09-15,Wolves,Newcastle,2024-2025,A,A,True,0.1959866083268925,0.393476365603617,0.4105370260694905,-162.77334907819045,1.27,1.79,-0.52,0.934,0.947,3.4,6.4,4,5
2024-09-21,Tottenham,Brentford,2024-2025,H,H,True,0.8729802443724319,0.0894956570277579,0.0375240985998099,72.1649005325703,0.99,1.09,-0.1,1.043,0.62,5.9,6.0,14,4
2024-09-21,Fulham,Newcastle,2024-2025,H,H,True,0.4986146911717016,0.2733283104518283,0.22805699837647,-117.51624430122934,1.5,0.89,0.61,1.0,0.971,12.2,10.7,4,6
2024-09-21,Aston Villa,Wolves,2024-2025,H,H,True,0.7723159893550599,0.1588747195152736,0.0688092911296664,195.09139512402496,1.18,0.38,0.8,0.904,0.723,15.0,12.9,14,6
2024-09-28,Arsenal,Leicester,2024-2025,H,H,True,0.8838675428410403,0.0869296809596175,0.0292027761993421,393.436932950902,2.49,0.99,1.5,1.064,0.652,14.1,13.3,14,6
2024-09-28,Everton,Crystal Palace,2024-2025,H,H,True,0.4719245803510581,0.3080455118801514,0.2200299077687904,-52.76731285439291,0.99,0.92,0.07,0.879,1.007,5.4,4.9,6,5
2024-09-29,Ipswich,Aston Villa,2024-2025,D,D,True,0.3250639094664117,0.4930635298109791,0.1818725607226091,-135.89995966387482,1.12,0.7,0.42,0.895,1.258,2.7,6.4,14,3
2024-10-05,Brentford,Wolves,2024-2025,H,H,True,0.7035837744782367,0.207617150449589,0.0887990750721741,59.05699095230853,1.83,0.88,0.95,1.115,1.12,8.1,0.1,6,5
2024-10-05,West Ham,Ipswich,2024-2025,H,H,True,0.8037180456026276,0.1508557366831778,0.0454262177141944,-2.113115208939007,0.84,0.75,0.09,1.146,0.662,0.0,3.8,4,10
2024-10-05,Everton,Newcastle,2024-2025,D,A,False,0.0735554055276636,0.1842837488258057,0.7421608456465305,-139.58530933869088,1.36,2.01,-0.65,1.358,0.807,8.9,11.4,5,6
2024-10-19,Tottenham,West Ham,2024-2025,H,H,True,0.6177829481722017,0.2834603929172983,0.0987566589105,71.14431570022293,2.06,1.52,0.54,0.927,1.121,6.9,14.2,6,5
2024-10-19,Fulham,Aston Villa,2024-2025,A,H,False,0.3676458424523163,0.3273166447549231,0.3050375127927603,-87.12724635897735,0.59,1.26,-0.67,1.264,0.795,5.5,2.0,3,4
2024-10-19,Man United,Brentford,2024-2025,H,H,True,0.7012116568487929,0.1910615325135469,0.10772681063766,84.81670747302519,1.57,1.76,-0.19,1.089,0.896,0.6,4.8,6,5
2024-10-19,Ipswich,Everton,2024-2025,A,D,False,0.1646306213499996,0.6213873304324788,0.2139820482175214,13.690411520166208,1.53,1.22,0.31,1.095,1.061,9.7,7.2,14,10
2024-10-20,Wolves,Man City,2024-2025,A,A,True,0.111866827761334,0.2822827760292725,0.6058503962093933,-428.4959787477276,1.32,1.16,0.16,1.074,0.883,5.2,8.5,4,6
2024-10-20,Liverpool,Chelsea,2024-2025,H,H,True,0.6596564513907426,0.2787617008949176,0.0615818477143397,96.27490851123184,0.94,1.77,-0.83,0.912,0.956,2.5,3.8,7,7
2024-10-26,Man City,Southampton,2024-2025,H,H,True,0.8423366635647844,0.1269631722772036,0.0307001641580119,561.3318809225741,1.37,1.01,0.36,1.387,0.566,0.0,9.1,10,5
2024-10-26,Brighton,Wolves,2024-2025,D,D,True,0.2877828611170616,0.4925622397229505,0.2196548991599878,159.45804129045268,1.79,0.64,1.15,1.193,0.806,7.4,5.3,10,6
2024-11-02,Nott'm Forest,West Ham,2024-2025,H,H,True,0.7026508476604593,0.208274600527717,0.0890745518118237,-9.57419342952403,1.52,1.13,0.39,1.195,1.023,15.0,7.2,14,4
2024-11-02,Southampton,Everton,2024-2025,H,A,False,0.1452003755329298,0.2562611305723941,0.5985384938946761,-209.5620208367816,1.3,0.99,0.31,1.079,0.71,14.6,9.6,5,6
2024-11-02,Ipswich,Leicester,2024-2025,D,D,True,0.2036047978970191,0.5531943234058819,0.243200878697099,36.85457106632112,1.59,0.59,1.0,1.605,1.034,5.5,7.3,14,5
2024-11-09,West Ham,Everton,2024-2025,D,D,True,0.2543911982123266,0.4707019822141268,0.2749068195735465,32.51031611074768,1.13,1.56,-0.43,0.985,0.948,4.9,5.4,7,5
2024-11-09,Liverpool,Aston Villa,2024-2025,H,H,True,0.6456552434613222,0.2872973757932654,0.0670473807454124,139.9603776017923,1.64,1.9,-0.26,1.046,1.03,9.5,6.8,4,6
2024-11-10,Tottenham,Ipswich,2024-2025,A,A,True,0.2947009381845953,0.3165771019029476,0.388721959912457,136.4711531675814,1.67,0.51,1.16,1.027,0.968,3.2,6.9,5,10
2024-11-10,Chelsea,Arsenal,2024-2025,D,A,False,0.2186078800434596,0.3681862055733701,0.4132059143831701,-107.63655892012798,0.97,1.52,-0.55,0.949,1.246,8.8,5.7,6,3
2024-11-23,Aston Villa,Crystal Palace,2024-2025,D,H,False,0.8412790294381755,0.1133959890212721,0.0453249815405523,137.2324315729495,2.38,0.82,1.56,1.024,0.949,10.8,6.2,4,7
2024-11-23,Fulham,Wolves,2024-2025,A,D,False,0.2216854385310476,0.485313559896557,0.2930010015723954,129.79118696261276,1.74,0.9,0.84,1.386,0.846,12.8,14.2,6,4
2024-11-23,Leicester,Chelsea,2024-2025,A,A,True,0.0448014267785658,0.1291025092697595,0.8260960639516746,-227.6506826870543,0.64,1.12,-0.48,1.299,1.04,7.1,9.7,6,5
2024-11-23,Man City,Tottenham,2024-2025,A,D,False,0.1700683875498462,0.5244188274908372,0.3055127849593164,235.7691544872182,1.93,0.66,1.27,1.074,1.004,6.6,6.0,4,3
2024-11-24,Southampton,Liverpool,2024-2025,A,A,True,0.0481721055075484,0.2087477449923595,0.743080149500092,-468.4751822612825,0.49,1.57,-1.08,0.758,1.086,3.7,10.3,6,5
2024-12-01,Man United,Everton,2024-2025,H,D,False,0.386309428566888,0.4744193430104658,0.1392712284226461,99.25073919588976,1.85,0.78,1.07,1.232,0.943,3.9,5.9,7,5
2024-12-04,Everton,Wolves,2024-2025,H,H,True,0.5400924343690096,0.3097989382012441,0.1501086274297462,34.2969951910402,1.96,1.29,0.67,1.002,0.818,6.5,12.3,5,3
2024-12-05,Fulham,Brighton,2024-2025,H,D,False,0.3574112692092847,0.3592007686164626,0.2833879621742525,-45.28844385709272,0.99,1.21,-0.22,1.21,0.845,9.1,8.9,3,5
2024-12-07,Brentford,Newcastle,2024-2025,H,A,False,0.2118808866039432,0.3285720082584336,0.4595471051376231,-94.36535355686078,1.74,1.17,0.57,1.105,0.717,11.4,6.8,3,10
2024-12-08,Fulham,Arsenal,2024-2025,D,A,False,0.0789960061589411,0.158509134327402,0.7624948595136567,-223.5840243042935,1.36,0.99,0.37,0.713,1.348,4.0,9.2,5,4
2024-12-09,West Ham,Wolves,2024-2025,H,D,False,0.341351171487832,0.4484325615070139,0.2102162670051539,74.85261642137584,1.84,0.9,0.94,1.438,0.705,13.9,0.5,10,7
2024-12-15,Southampton,Tottenham,2024-2025,A,A,True,0.0583346482511255,0.1431951151247841,0.7984702366240902,-255.3073035699374,2.0,1.71,0.29,1.363,0.892,6.3,2.5,4,5
2024-12-16,Bournemouth,West Ham,2024-2025,D,D,True,0.1814754280672757,0.4261930679039505,0.3923315040287737,53.38493592517602,1.34,1.37,-0.03,0.997,0.81,7.4,2.2,6,6
2024-12-22,Leicester,Wolves,2024-2025,A,D,False,0.2827822306488347,0.3839524645549903,0.333265304796175,20.533707650730776,1.08,0.77,0.31,1.03,1.125,4.3,7.9,4,4
2024-12-22,Everton,Chelsea,2024-2025,D,A,False,0.2037220712950195,0.3654343286242864,0.4308436000806941,-204.6491647001451,0.8,1.4,-0.6,1.08,0.955,0.0,14.7,5,4
2024-12-26,Bournemouth,Crystal Palace,2024-2025,D,H,False,0.6644726580437299,0.2516729523927271,0.0838543895635429,50.26013740542703,1.08,1.48,-0.4,1.186,1.185,11.3,15.0,7,4
2024-12-26,Southampton,West Ham,2024-2025,A,D,False,0.2396150976422339,0.3950737204843128,0.3653111818734532,-207.6027815029213,1.16,0.65,0.51,1.154,0.884,10.7,10.0,6,3
2025-01-04,Man City,West Ham,2024-2025,H,H,True,0.4946125826439448,0.3539003702349576,0.1514870471210976,195.1239807164534,1.75,1.28,0.47,1.575,0.964,6.3,9.5,3,4
2025-01-15,Everton,Aston Villa,2024-2025,A,A,True,0.1780741217555184,0.30414529792958,0.5177805803149016,-113.77835295678916,1.41,1.01,0.4,1.022,0.83,7.8,0.0,5,6
2025-01-16,Man United,Southampton,2024-2025,H,H,True,0.7532869098578832,0.1606542241208313,0.0860588660212856,260.64148728469127,2.03,1.24,0.79,1.038,1.302,9.7,5.0,3,10
2025-01-18,Newcastle,Bournemouth,2024-2025,A,A,True,0.2190174628818647,0.2119103070884057,0.5690722300297295,61.4865889638163,1.47,0.83,0.64,0.847,0.719,0.8,3.9,5,7
2025-01-25,Man City,Chelsea,2024-2025,H,D,False,0.3262772292537779,0.4847120626641914,0.1890107080820307,75.75006515706445,2.13,0.39,1.74,0.982,1.0,5.2,4.6,6,6
2025-01-26,Fulham,Man United,2024-2025,A,H,False,0.5059365369918171,0.2384948899902056,0.2555685730179773,43.63688780370899,1.32,0.48,0.84,1.11,1.07,10.9,6.6,4,4
2025-01-26,Tottenham,Leicester,2024-2025,A,D,False,0.2822617222058896,0.4366868335242048,0.2810514442699056,144.79509938724595,2.77,1.11,1.66,1.513,1.002,2.1,5.3,4,4
2025-02-01,Nott'm Forest,Brighton,2024-2025,H,H,True,0.8337244257040707,0.1074467820701636,0.0588287922257656,35.61906492746493,1.72,1.28,0.44,1.01,0.916,8.8,0.0,5,5
2025-02-01,Bournemouth,Liverpool,2024-2025,A,A,True,0.0852234877447388,0.2909987150140709,0.6237777972411903,-160.79390798865916,0.85,0.94,-0.09,1.084,0.976,1.7,10.5,10,4
2025-02-01,Everton,Leicester,2024-2025,H,H,True,0.7811436846402611,0.1748778124955812,0.0439785028641575,123.81402382088868,1.04,1.38,-0.34,1.143,0.937,9.5,2.7,14,5
2025-02-01,Newcastle,Fulham,2024-2025,A,A,True,0.2638290420165603,0.1994655464275895,0.53670541155585,90.77294818239102,1.71,0.43,1.28,1.372,0.909,7.3,8.3,3,5
2025-02-03,Chelsea,West Ham,2024-2025,H,H,True,0.4973918597508562,0.3485945223449758,0.154013617904168,121.1847094582622,1.42,1.08,0.34,1.651,1.113,0.6,15.0,7,5
2025-02-12,Everton,Liverpool,2024-2025,D,D,True,0.2246750932596205,0.4213928543392266,0.3539320524011529,-286.2059250373011,1.44,0.91,0.53,0.886,1.452,12.5,3.3,5,5
2025-02-15,Southampton,Bournemouth,2024-2025,A,A,True,0.1754840465787479,0.3811857371966399,0.443330216224612,-319.30764373038505,1.29,1.17,0.12,0.882,0.934,4.3,0.0,5,7
2025-02-15,Fulham,Nott'm Forest,2024-2025,H,H,True,0.7853082652933897,0.151258094554479,0.0634336401521313,-43.4963156852366,1.32,1.25,0.07,1.293,0.711,4.0,6.1,7,7
2025-02-15,Man City,Newcastle,2024-2025,H,H,True,0.6798316124159963,0.2678058577583729,0.0523625298256307,106.21433166956513,1.13,0.76,0.37,1.276,0.917,8.4,12.0,10,5
2025-02-15,Crystal Palace,Everton,2024-2025,A,H,False,0.7102018672945962,0.1144513223074184,0.1753468103979854,46.72145663949368,0.77,1.0,-0.23,1.487,1.438,12.4,15.0,14,10
2025-02-15,Leicester,Arsenal,2024-2025,A,A,True,0.1097693240616055,0.1800785277146539,0.7101521482237405,-408.0604456922156,0.79,1.93,-1.14,1.064,0.909,3.1,2.0,6,14
2025-02-16,Tottenham,Man United,2024-2025,H,H,True,0.4449923716438363,0.3418255817280156,0.2131820466281481,-26.868172972210004,1.76,0.98,0.78,1.018,1.278,7.8,9.4,5,5
2025-02-19,Aston Villa,Liverpool,2024-2025,D,A,False,0.1037296356841533,0.1684058135124144,0.7278645508034323,-210.87485405461257,1.29,1.71,-0.42,1.139,1.331,9.3,5.3,7,5
2025-02-22,Everton,Man United,2024-2025,D,H,False,0.6341999164245049,0.2323024241626474,0.1334976594128477,30.982885706793468,0.87,0.7,0.17,1.333,0.847,10.5,6.8,4,5
2025-02-25,Crystal Palace,Aston Villa,2024-2025,H,H,True,0.8533868206680644,0.078945523389595,0.0676676559423405,-33.625063050298195,1.44,1.45,-0.01,1.251,1.077,8.3,15.0,6,10
2025-02-25,Chelsea,Southampton,2024-2025,H,H,True,0.7695614599203414,0.1895417349860629,0.0408968050935956,335.30790634925006,1.91,1.55,0.36,1.327,1.186,5.9,0.8,5,10
2025-02-26,Liverpool,Newcastle,2024-2025,H,H,True,0.66380835245547,0.2586629673006543,0.0775286802438757,191.23754748735587,1.19,0.2,0.99,1.385,0.84,3.9,8.4,6,4
2025-02-26,Man United,Ipswich,2024-2025,H,H,True,0.4941949015033906,0.1920196724091873,0.313785426087422,111.61433505252604,1.58,0.78,0.8,1.376,0.893,7.9,9.3,4,5
2025-03-10,West Ham,Newcastle,2024-2025,A,A,True,0.1575688945438278,0.201807413297092,0.64062369215908,-89.58631560695903,1.34,1.51,-0.17,1.343,0.872,2.9,12.0,4,6
2025-03-15,Bournemouth,Brentford,2024-2025,A,H,False,0.6802584660430779,0.2159771643481627,0.1037643696087593,68.86676303310924,0.95,1.06,-0.11,1.256,0.75,0.0,7.7,10,5
2025-03-15,Southampton,Wolves,2024-2025,A,H,False,0.3631626036353059,0.3434280443818331,0.293409351982861,-170.43469106658313,1.39,1.48,-0.09,1.003,0.879,9.4,8.6,4,4
2025-04-02,Bournemouth,Ipswich,2024-2025,A,H,False,0.7095911903045355,0.1849068548057499,0.1055019548897144,175.6776641981878,1.83,0.81,1.02,1.195,0.684,11.4,5.6,5,10
2025-04-02,Man City,Leicester,2024-2025,H,H,True,0.8438671098828268,0.1164224854381527,0.0397104046790205,358.6057244541255,2.25,0.97,1.28,1.476,0.877,0.0,8.5,4,6
2025-04-02,Southampton,Crystal Palace,2024-2025,D,D,True,0.1669056011906206,0.5046276243185299,0.3284667744908495,-324.0389930149704,1.55,1.38,0.17,0.815,0.895,3.2,5.8,3,7
2025-04-05,Crystal Palace,Brighton,2024-2025,H,D,False,0.2180352052036907,0.4357217048609271,0.3462430899353821,-13.846903143158215,0.77,1.7,-0.93,1.169,1.008,10.2,10.0,3,10
2025-04-06,Tottenham,Southampton,2024-2025,H,H,True,0.7486810306990404,0.1597012609891764,0.0916177083117831,225.97723657965776,1.2,1.14,0.06,1.106,0.608,15.0,5.7,4,6
2025-04-12,Man City,Crystal Palace,2024-2025,H,H,True,0.8193045745214241,0.1496508510085406,0.0310445744700352,104.852325064134,1.74,1.26,0.48,1.145,0.997,7.6,8.9,10,5
2025-04-12,Southampton,Aston Villa,2024-2025,A,A,True,0.0734964623387005,0.1305596289561853,0.7959439087051142,-371.7890628381924,1.26,1.31,-0.05,1.216,1.211,4.4,7.2,4,6
2025-04-12,Nott'm Forest,Everton,2024-2025,A,A,True,0.1141484392672828,0.2976444068292758,0.5882071539034415,77.3912403117206,1.71,0.94,0.77,1.167,0.562,6.7,12.1,14,4
2025-04-13,Wolves,Tottenham,2024-2025,H,H,True,0.4058927935489915,0.2267707808112212,0.3673364256397872,-11.70543377010813,3.12,1.03,2.09,1.105,1.034,13.4,7.1,6,6
2025-04-13,Chelsea,Ipswich,2024-2025,D,H,False,0.7442974540040621,0.1553839204321629,0.100318625563775,228.1099467684844,1.89,1.19,0.7,0.914,1.136,4.7,0.0,5,4
2025-04-14,Bournemouth,Fulham,2024-2025,H,H,True,0.5949642724641542,0.2387440900813478,0.1662916374544979,-56.6832838532805,1.85,1.07,0.78,1.228,0.744,4.1,12.7,6,6
2025-04-19,Aston Villa,Newcastle,2024-2025,H,H,True,0.6531750663076912,0.1687398437574906,0.1780850899348182,-14.881128132273716,1.81,1.33,0.48,1.224,1.282,5.4,3.4,5,4
2025-04-20,Man United,Wolves,2024-2025,A,H,False,0.663964247223078,0.2434143134456026,0.0926214393313193,28.95625957698008,1.72,2.05,-0.33,1.544,1.032,3.4,4.5,7,4
2025-04-26,Chelsea,Everton,2024-2025,H,D,False,0.3781070126354542,0.3979161806218231,0.2239768067427227,79.49589931055334,1.34,1.51,-0.17,1.068,0.806,8.0,4.7,4,4
2025-04-26,Wolves,Leicester,2024-2025,H,H,True,0.4098798021862854,0.3546082186350519,0.2355119791786628,188.44823935661952,1.93,0.92,1.01,1.214,0.902,14.5,13.2,5,3
2025-04-26,Southampton,Fulham,2024-2025,A,A,True,0.0528430692881201,0.1400607006019769,0.8070962301099031,-285.8592370983099,0.77,1.92,-1.15,1.043,1.138,8.9,0.0,10,6
2025-05-03,Everton,Ipswich,2024-2025,D,D,True,0.3670840657422108,0.3937291677583367,0.2391867664994526,145.9631146117872,1.44,0.92,0.52,1.47,0.938,6.4,15.0,10,6
2025-05-03,Aston Villa,Fulham,2024-2025,H,A,False,0.3029296585150984,0.3484804685635316,0.3485898729213699,80.02084327983448,1.26,0.28,0.98,1.111,1.042,6.2,11.8,10,5
2025-05-10,Fulham,Everton,2024-2025,A,D,False,0.1920237198948722,0.4964114857276205,0.3115647943775071,28.686270669484657,1.47,0.76,0.71,1.167,0.778,0.8,8.3,5,4
2025-05-10,Bournemouth,Aston Villa,2024-2025,A,H,False,0.4220903546151605,0.34070143020836,0.2372082151764794,-79.99439578562146,2.36,0.47,1.89,1.192,1.012,11.3,7.1,7,3
2025-05-10,Southampton,Man City,2024-2025,D,A,False,0.0515144542035745,0.1724778379765501,0.7760077078198752,-473.6801237190618,0.2,1.41,-1.21,0.96,0.81,7.2,8.5,5,3
2025-05-10,Ipswich,Brentford,2024-2025,A,A,True,0.159962374601736,0.3612701955799986,0.4787674298182653,-180.94137462420963,1.53,1.34,0.19,0.943,0.984,6.7,9.5,5,4
2025-05-11,Newcastle,Chelsea,2024-2025,H,H,True,0.5226462725983699,0.2526756049886505,0.2246781224129794,-3.9627860953805794,0.67,1.91,-1.24,1.137,0.789,15.0,10.1,4,10
2025-05-18,West Ham,Nott'm Forest,2024-2025,A,A,True,0.1699893360996298,0.1509320212526789,0.6790786426476914,-89.63013587400656,1.1,1.4,-0.3,1.281,0.843,8.8,9.7,6,4
2025-05-18,Everton,Southampton,2024-2025,H,H,True,0.7330852470310887,0.1877028785122648,0.0792118744566464,283.0781348538157,2.17,0.9,1.27,1.001,1.124,4.3,7.7,4,5
2025-05-19,Brighton,Liverpool,2024-2025,H,D,False,0.1969152762894599,0.4227844188136784,0.3803003048968618,-195.8083772904431,1.23,1.7,-0.47,1.053,1.216,5.7,6.5,5,4
2025-05-20,Crystal Palace,Wolves,2024-2025,H,D,False,0.3430452360417223,0.5442495156534688,0.1127052483048089,85.30590755746425,1.0,0.21,0.79,0.992,1.054,12.4,6.6,10,4
2025-05-20,Man City,Bournemouth,2024-2025,H,H,True,0.4610111544969284,0.3787398608240812,0.1602489846789903,158.39008485293652,1.24,1.18,0.06,1.398,0.713,8.0,6.5,4,5
2025-05-25,Liverpool,Crystal Palace,2024-2025,D,D,True,0.3160313873484265,0.4849301083243936,0.1990385043271798,157.90735124450612,1.86,1.41,0.45,0.855,0.86,1.3,12.2,3,6
2025-05-25,Newcastle,Everton,2024-2025,A,D,False,0.3639828138703763,0.3796843656042013,0.2563328205254224,98.76059371354472,1.17,0.5,0.67,1.025,1.166,11.5,9.9,3,4
2025-05-25,Fulham,Man City,2024-2025,A,A,True,0.0625165362855116,0.1495401609036252,0.7879433028108631,-162.9424498068097,1.33,1.8,-0.47,1.114,1.028,4.6,0.0,10,3
2025-08-15,Liverpool,Bournemouth,2025-2026,H,H,True,0.5550998637888378,0.3492539429566,0.0956461932545621,188.1470687176016,1.61,1.2,0.41,1.484,1.354,15.0,10.1,5,5
2025-08-16,Tottenham,Burnley,2025-2026,H,H,True,0.6884269760633079,0.2166472063547268,0.0949258175819651,69.34471645852909,1.18,0.97,0.21,1.113,1.017,12.1,8.1,5,4
2025-08-16,Brighton,Fulham,2025-2026,D,H,False,0.5347334959164194,0.3289333676202384,0.1363331364633422,67.92186821934001,2.43,1.41,1.02,1.014,0.98,5.6,7.2,7,4
2025-08-17,Chelsea,Crystal Palace,2025-2026,D,H,False,0.6011800629902082,0.2545415522897331,0.1442783847200586,59.13002294049648,1.74,2.11,-0.37,1.498,0.886,13.0,5.6,7,14
2025-08-18,Leeds,Everton,2025-2026,H,H,True,0.41964238935615,0.3253912711678963,0.2549663394759535,-204.3784686987921,0.28,1.43,-1.15,0.734,1.036,7.8,12.1,5,6
2025-08-23,Arsenal,Leeds,2025-2026,H,H,True,0.8048137955869175,0.1383139076251915,0.056872296787891,348.1448235132316,1.83,1.04,0.79,0.791,0.844,11.2,11.4,6,6
2025-08-23,Man City,Tottenham,2025-2026,A,H,False,0.4684799636654181,0.3151228057576417,0.2163972305769401,296.2528961712856,1.4,0.78,0.62,1.299,1.02,9.6,4.0,7,5
2025-08-23,Bournemouth,Wolves,2025-2026,H,H,True,0.5722508658279849,0.345745062440818,0.082004071731197,67.13510207684203,1.85,0.79,1.06,1.025,1.125,3.9,9.1,6,5
2025-08-24,Fulham,Man United,2025-2026,D,H,False,0.5113901179759747,0.1978436889060918,0.2907661931179334,65.52646072310495,1.11,1.5,-0.39,0.92,0.794,4.7,3.1,4,5
2025-08-24,Everton,Brighton,2025-2026,H,A,False,0.2282420921843814,0.1588358134660381,0.6129220943495804,-49.0549652194577,1.3,0.88,0.42,1.223,0.719,11.9,1.4,10,6
2025-08-25,Newcastle,Liverpool,2025-2026,A,A,True,0.2471653796424896,0.3131706381485036,0.4396639822090067,-116.08350856022594,1.51,1.32,0.19,1.105,0.64,6.1,4.6,5,6
2025-08-30,Tottenham,Bournemouth,2025-2026,A,A,True,0.1098713715819558,0.1644491449351147,0.7256794834829293,-82.8815056826902,1.71,1.06,0.65,0.956,1.077,5.8,11.0,4,4
2025-08-30,Chelsea,Fulham,2025-2026,H,H,True,0.7577111369234096,0.1675996822751268,0.0746891808014634,125.8372088276708,0.99,1.31,-0.32,0.891,0.719,3.4,11.4,5,5
2025-08-30,Sunderland,Brentford,2025-2026,H,A,False,0.3613524316336748,0.2721049610753496,0.3665426072909756,-89.80882755424341,1.16,1.41,-0.25,1.241,0.573,9.3,9.5,3,5
2025-08-31,Aston Villa,Crystal Palace,2025-2026,A,A,True,0.1065059629457905,0.1701035453621189,0.7233904916920906,26.04098462906495,1.21,1.62,-0.41,1.24,1.027,15.0,10.4,4,10
2025-08-31,Brighton,Man City,2025-2026,H,H,True,0.3839612320614508,0.3538195343282854,0.2622192336102637,-122.96213926526252,0.98,1.08,-0.1,1.034,1.464,2.9,9.5,7,6
2025-08-31,Liverpool,Arsenal,2025-2026,H,D,False,0.2193668525887201,0.5675122590323544,0.2131208883789256,20.482697537333934,2.21,1.07,1.14,1.477,0.954,7.6,4.5,3,5
2025-08-31,Nott'm Forest,West Ham,2025-2026,A,A,True,0.1259587187190419,0.258743245465358,0.6152980358156002,128.27487637434135,1.71,0.69,1.02,0.934,1.087,13.6,9.2,5,4
2025-09-13,Crystal Palace,Sunderland,2025-2026,D,H,False,0.6989971485181738,0.2220474620181098,0.0789553894637163,126.33717134065388,0.96,0.92,0.04,0.842,0.944,7.2,10.7,5,6
2025-09-13,Everton,Aston Villa,2025-2026,D,H,False,0.5997084038816871,0.288996407283468,0.1112951888348449,-25.56483622762903,1.79,1.38,0.41,0.952,0.948,9.4,10.5,3,4
2025-09-13,West Ham,Tottenham,2025-2026,A,A,True,0.2530880208596024,0.2998620678763987,0.4470499112639988,28.326755936994232,2.38,1.5,0.88,1.102,1.128,2.9,12.4,14,5
2025-09-13,Newcastle,Wolves,2025-2026,H,H,True,0.6147969425938166,0.3163942870245299,0.0688087703816536,153.64806677906677,2.02,0.7,1.32,1.206,0.866,9.3,10.3,4,4
2025-09-13,Fulham,Leeds,2025-2026,H,H,True,0.5876344356244702,0.2127157796969588,0.199649784678571,141.26677969865136,0.86,1.46,-0.6,1.105,0.975,6.7,8.8,5,6
2025-09-14,Man City,Man United,2025-2026,H,H,True,0.7794525333314334,0.1365265374116368,0.0840209292569298,197.0230658467088,1.38,1.62,-0.24,1.244,0.972,11.7,11.9,5,4
2025-09-20,Brighton,Tottenham,2025-2026,D,H,False,0.4344718320072472,0.3816208414946119,0.1839073264981408,114.47786984256528,2.08,1.29,0.79,0.893,0.804,12.6,7.2,4,5
2025-09-20,Wolves,Leeds,2025-2026,A,H,False,0.543744312413722,0.2036138820234024,0.2526418055628756,62.07704670102544,1.14,1.94,-0.8,1.412,1.133,15.0,3.5,3,10
2025-09-20,Fulham,Brentford,2025-2026,H,H,True,0.4269626358893253,0.2791961658414871,0.2938411982691875,-17.7444849339754,1.58,0.89,0.69,1.077,0.931,10.0,6.6,6,4
2025-09-20,Man United,Chelsea,2025-2026,H,H,True,0.5040244714791736,0.3716975324219702,0.1242779960988561,-180.9852083650708,1.57,0.81,0.76,1.256,0.862,8.9,4.1,14,5
2025-09-27,Crystal Palace,Liverpool,2025-2026,H,H,True,0.4705541006799445,0.291454881711026,0.2379910176090294,-151.2318164035025,0.83,0.57,0.26,1.112,1.1,8.3,4.4,4,5
2025-09-27,Chelsea,Brighton,2025-2026,A,A,True,0.1907465985562318,0.3856950664861197,0.4235583349576485,69.97007199205996,1.44,1.78,-0.34,1.218,0.772,6.0,6.7,6,3
2025-09-27,Man City,Burnley,2025-2026,H,H,True,0.7526318651921842,0.1798291822960618,0.0675389525117538,337.620473695757,0.28,1.22,-0.94,1.341,0.881,9.0,3.9,6,7
2025-10-03,Bournemouth,Fulham,2025-2026,H,D,False,0.32199863172065,0.4518396228726994,0.2261617454066505,35.18887562021496,0.97,1.15,-0.18,1.203,0.949,6.2,6.0,7,3
2025-10-04,Man United,Sunderland,2025-2026,H,H,True,0.5434090244370668,0.2111580494321917,0.2454329261307413,-28.869620456158145,1.26,1.34,-0.08,1.218,1.174,8.2,0.0,5,5
2025-10-05,Newcastle,Nott'm Forest,2025-2026,H,H,True,0.8471718730644979,0.1132584222926946,0.0395697046428073,72.05664544924116,0.91,0.67,0.24,1.393,1.032,13.2,8.2,5,6
2025-10-05,Aston Villa,Burnley,2025-2026,H,H,True,0.5101357109374306,0.3577627990257326,0.1321014900368368,255.6765378799153,2.39,2.04,0.35,1.235,0.891,3.2,7.3,5,6
2025-10-05,Brentford,Man City,2025-2026,A,A,True,0.2273612770994665,0.2920037959948918,0.4806349269056416,-151.04146534534357,0.61,1.37,-0.76,1.185,1.153,12.4,3.8,6,6
2025-10-05,Wolves,Brighton,2025-2026,D,A,False,0.2769903321050716,0.3147191834355456,0.4082904844593826,-174.04821395480326,1.03,1.38,-0.35,1.017,1.268,13.2,10.1,7,4
2025-10-05,Everton,Crystal Palace,2025-2026,H,H,True,0.4659518196751215,0.3814532449183817,0.1525949354064968,-82.80177215338222,1.38,1.57,-0.19,1.357,1.087,7.0,11.3,4,3
2025-10-18,Nott'm Forest,Chelsea,2025-2026,A,A,True,0.3347592154362091,0.3122114300270907,0.3530293545367001,-126.20080081411334,1.92,1.5,0.42,0.917,0.994,0.0,0.4,5,6
2025-10-18,Sunderland,Wolves,2025-2026,H,D,False,0.1671817466674826,0.562568722764532,0.2702495305679854,81.74028601099144,0.84,1.23,-0.39,1.491,0.69,4.9,4.0,10,5
2025-10-18,Fulham,Arsenal,2025-2026,A,A,True,0.0701720246655419,0.1713974487180987,0.7584305266163593,-214.002059605049,1.71,1.03,0.68,1.012,0.811,13.1,4.0,7,7
2025-10-19,Tottenham,Aston Villa,2025-2026,A,H,False,0.389421927248664,0.3236739399821269,0.286904132769209,-127.06526404430792,1.28,1.49,-0.21,0.766,0.934,7.4,3.3,14,7
2025-10-19,Liverpool,Man United,2025-2026,A,H,False,0.5544110673029451,0.2610097834330147,0.1845791492640401,230.63682799103023,1.19,1.82,-0.63,1.212,0.787,3.2,10.9,7,7
2025-10-20,West Ham,Brentford,2025-2026,A,A,True,0.0624210224378478,0.1262591801810712,0.8113197973810808,-87.35761031575998,1.52,1.83,-0.31,0.931,0.946,5.3,6.5,5,5
2025-10-25,Man United,Brighton,2025-2026,H,D,False,0.3196052696051115,0.372773442576529,0.3076212878183594,-72.90942424832679,1.42,1.92,-0.5,1.241,0.989,11.1,6.2,6,5
2025-10-25,Newcastle,Fulham,2025-2026,H,H,True,0.450586443996088,0.4456137156718625,0.1037998403320494,76.22100532100558,1.21,0.93,0.28,0.998,1.042,9.9,0.0,6,7
2025-10-26,Aston Villa,Man City,2025-2026,H,A,False,0.2094838998052678,0.38166812721649,0.408847972978242,-88.37438545113287,1.34,0.85,0.49,0.978,0.969,6.5,10.0,3,5
2025-10-26,Bournemouth,Nott'm Forest,2025-2026,H,D,False,0.2623761619827017,0.5580188560881751,0.179604981929123,88.65379138317917,1.32,1.08,0.24,0.755,1.03,5.9,2.0,5,4
2025-11-01,Fulham,Wolves,2025-2026,H,H,True,0.4269897605956601,0.4026417367722036,0.1703685026321362,109.20524723361768,1.56,1.14,0.42,1.05,0.945,5.8,7.6,6,10
2025-11-01,Tottenham,Chelsea,2025-2026,A,A,True,0.0634212632511797,0.0892043517703794,0.8473743849784408,-130.55081424158516,1.57,1.76,-0.19,0.566,0.617,3.5,8.5,4,10
2025-11-01,Brighton,Leeds,2025-2026,H,H,True,0.8060252327187205,0.1509193951938191,0.0430553720874602,204.0699735037529,2.32,0.34,1.98,0.86,0.731,14.4,13.2,7,5
2025-11-01,Liverpool,Aston Villa,2025-2026,H,H,True,0.576825014666059,0.3603116979449384,0.0628632873890025,44.12355628470891,0.89,1.81,-0.92,1.269,0.922,6.1,1.7,6,3
2025-11-02,Man City,Bournemouth,2025-2026,H,H,True,0.7909422830761982,0.1571973257230267,0.0518603912007751,108.50493345937412,2.47,1.05,1.42,1.298,0.703,12.7,0.0,14,5
2025-11-02,West Ham,Newcastle,2025-2026,H,H,True,0.5924976817776346,0.1853940793979779,0.2221082388243874,-182.8823050812207,0.34,1.16,-0.82,1.117,1.12,14.0,8.1,3,7
2025-11-08,Everton,Fulham,2025-2026,H,H,True,0.5874998057658392,0.2084230642748265,0.2040771299593344,32.87877584797161,1.36,0.75,0.61,0.919,1.243,11.8,15.0,4,10
2025-11-08,Tottenham,Man United,2025-2026,D,H,False,0.4070651598635318,0.3588923608483566,0.2340424792881116,-67.1051322329713,1.6,0.56,1.04,1.065,1.208,5.6,12.6,6,4
2025-11-08,Sunderland,Arsenal,2025-2026,D,A,False,0.0798980098830753,0.1703505138075485,0.749751476309376,-223.9320948605757,1.3,1.71,-0.41,1.015,0.975,9.2,8.2,4,3
2025-11-09,Brentford,Newcastle,2025-2026,H,H,True,0.8035505448095275,0.1221515243340029,0.0742979308564696,-19.76817916974892,1.1,1.25,-0.15,0.861,1.248,7.4,5.2,6,10
2025-11-09,Nott'm Forest,Leeds,2025-2026,H,H,True,0.5902326539255678,0.3477786763513131,0.0619886697231191,105.04830008449836,1.41,0.58,0.83,1.44,0.962,3.6,10.8,7,5
2025-11-22,Bournemouth,West Ham,2025-2026,D,H,False,0.796755140952893,0.1527464099684505,0.0504984490786563,132.68533773792183,1.31,0.56,0.75,1.325,0.863,8.9,3.1,4,5
2025-11-22,Fulham,Sunderland,2025-2026,H,H,True,0.5781492754878039,0.3294107102075561,0.09244001430464,-40.989232902357344,1.09,1.09,0.0,1.04,0.854,2.4,9.3,5,14
2025-11-22,Brighton,Brentford,2025-2026,H,A,False,0.1584682176251193,0.2423541215636712,0.5991776608112094,30.29506541720661,1.81,1.88,-0.07,1.117,0.895,12.6,9.5,5,3
2025-11-22,Wolves,Crystal Palace,2025-2026,A,H,False,0.3843547619053047,0.2692176273808919,0.3464276107138034,-230.1836285210902,1.33,1.26,0.07,1.055,0.944,5.5,11.9,5,6
2025-11-23,Leeds,Aston Villa,2025-2026,A,D,False,0.1889219085336941,0.4667479479856322,0.3443301434806735,-270.1590446449916,0.82,0.77,0.05,0.59,1.06,8.4,15.0,10,3
2025-11-23,Arsenal,Tottenham,2025-2026,H,H,True,0.7493680938607942,0.2055535476636197,0.0450783584755861,275.13178788518576,2.08,0.89,1.19,1.154,0.922,8.7,9.0,7,5
2025-11-29,Tottenham,Fulham,2025-2026,A,D,False,0.2334980996377059,0.5005729655647122,0.2659289347975818,-37.78312315950007,1.5,1.11,0.39,0.949,0.97,6.4,5.1,6,7
2025-11-29,Sunderland,Bournemouth,2025-2026,H,A,False,0.1621995319480705,0.4171234086828655,0.4206770593690638,-37.91545073492989,1.73,0.2,1.53,0.885,1.052,10.0,7.2,6,5
2025-11-29,Brentford,Burnley,2025-2026,H,H,True,0.7295109647001187,0.212267734819698,0.0582213004801833,196.8468867927088,1.88,1.03,0.85,1.118,1.137,5.5,0.0,5,14
2025-11-30,Aston Villa,Wolves,2025-2026,H,H,True,0.458575773467302,0.3483387695392233,0.1930854569934745,279.28561044944627,1.31,0.89,0.42,1.564,1.071,11.2,4.3,10,6
2025-11-30,Chelsea,Arsenal,2025-2026,D,A,False,0.2869711243758689,0.2539835075983851,0.4590453680257458,-104.87842257449438,1.04,1.57,-0.53,1.189,0.704,1.7,5.5,6,5
2025-12-02,Newcastle,Tottenham,2025-2026,D,H,False,0.7682384740225705,0.1635980603150535,0.068163465662376,145.8368815708784,1.88,1.87,0.01,1.04,0.438,8.0,5.0,6,4
2025-12-03,Burnley,Crystal Palace,2025-2026,A,H,False,0.3495038048578208,0.3106366249852408,0.3398595701569383,-241.9677181912164,1.43,1.85,-0.42,1.124,1.198,15.0,8.0,10,5
2025-12-03,Leeds,Chelsea,2025-2026,H,H,True,0.4148468383997696,0.3520736915064142,0.2330794700938161,-291.1384879263651,1.1,1.31,-0.21,1.271,0.773,3.2,3.8,4,5
2025-12-03,Wolves,Nott'm Forest,2025-2026,A,H,False,0.3623745855857593,0.3365314461041702,0.3010939683100704,-134.24824853759878,1.32,0.84,0.48,1.235,0.951,4.6,12.1,7,3
2025-12-03,Brighton,Aston Villa,2025-2026,A,D,False,0.2077635153960333,0.4030436843355245,0.389192800268442,-28.83467373871917,1.95,2.3,-0.35,1.101,0.745,9.7,7.3,4,5
2025-12-04,Man United,West Ham,2025-2026,D,H,False,0.6088423358092357,0.3170064280101768,0.0741512361805873,112.37145819264263,1.25,1.14,0.11,1.013,0.59,8.3,7.3,5,5
2025-12-06,Man City,Sunderland,2025-2026,H,H,True,0.8264280002435884,0.1279426825164702,0.0456293172399412,165.4471555660716,1.81,1.08,0.73,1.302,1.022,9.0,5.9,5,6
2025-12-06,Tottenham,Brentford,2025-2026,H,H,True,0.5812995028676552,0.2978167644273305,0.1208837327050142,-92.10486867241455,1.22,1.26,-0.04,1.144,1.127,9.6,8.0,14,6
2025-12-06,Aston Villa,Arsenal,2025-2026,H,H,True,0.3604666942299489,0.2946614090853707,0.3448718966846803,-88.0516261089274,1.21,1.35,-0.14,1.246,0.872,10.2,10.8,10,6
2025-12-06,Leeds,Liverpool,2025-2026,D,A,False,0.1967210474432041,0.3536650609142366,0.4496138916425591,-275.2187172119616,1.62,1.35,0.27,1.124,0.537,12.3,3.6,6,3
2025-12-06,Bournemouth,Chelsea,2025-2026,D,H,False,0.4134880091287173,0.3499280157407833,0.2365839751304992,-96.62921114250253,1.67,1.03,0.64,1.274,0.88,9.3,4.5,6,4
2025-12-07,Fulham,Crystal Palace,2025-2026,A,A,True,0.1873125584989924,0.1652214726890324,0.6474659688119752,-89.28833693290949,1.68,1.04,0.64,0.959,1.057,6.5,6.0,6,6
2025-12-07,Brighton,West Ham,2025-2026,D,H,False,0.5554424323888453,0.3167783351790199,0.1277792324321348,157.56162049269528,2.15,1.07,1.08,1.423,0.64,10.4,1.5,10,5
2025-12-13,Chelsea,Everton,2025-2026,H,H,True,0.6998438167482819,0.1907568498908781,0.10939933336084,45.66841832169666,1.46,0.94,0.52,1.157,0.983,15.0,3.8,5,3
2025-12-13,Burnley,Fulham,2025-2026,A,H,False,0.4398065049441693,0.3182102997399887,0.2419831953158419,-159.64063349351704,1.55,1.02,0.53,1.455,0.997,6.9,5.3,5,7
2025-12-14,Nott'm Forest,Tottenham,2025-2026,H,H,True,0.801906713147355,0.1271690672759174,0.0709242195767277,26.3367426449945,1.29,1.22,0.07,0.972,1.063,3.3,11.1,4,7
2025-12-14,Brentford,Leeds,2025-2026,D,A,False,0.2251598159106369,0.2189062438720436,0.5559339402173195,149.96124528131418,1.7,0.98,0.72,1.503,0.945,12.3,8.4,7,5
2025-12-14,Sunderland,Newcastle,2025-2026,H,D,False,0.2875953756459734,0.3946691416295556,0.317735482724471,-52.23384322634274,1.29,1.87,-0.58,1.12,0.788,7.0,8.1,6,3
2025-12-20,Brighton,Sunderland,2025-2026,D,A,False,0.2270525581450598,0.3578358479155287,0.4151115939394115,29.163147326288023,1.47,0.2,1.27,0.981,1.18,0.0,11.0,5,7
2025-12-20,Tottenham,Liverpool,2025-2026,A,D,False,0.3133897353299296,0.3535926167085692,0.3330176479615012,-190.8565301206256,1.48,1.8,-0.32,0.932,0.978,11.1,6.7,3,6
2025-12-27,Brentford,Bournemouth,2025-2026,H,H,True,0.5320057933983809,0.3148307803367791,0.15316342626484,18.917702022687536,1.05,1.71,-0.66,1.043,0.95,5.2,9.0,7,7
2025-12-27,Nott'm Forest,Man City,2025-2026,A,A,True,0.0992641044417379,0.2030313917902913,0.6977045037679708,-233.31681420304065,2.11,0.5,1.61,1.097,0.841,7.1,6.9,3,7
2025-12-27,Arsenal,Brighton,2025-2026,H,H,True,0.802086187746863,0.1296942025818689,0.068219609671268,179.1801153957981,1.13,0.92,0.21,1.272,0.831,8.9,8.4,6,7
2025-12-27,Chelsea,Aston Villa,2025-2026,A,H,False,0.6846369953168666,0.2244536647101045,0.0909093399730288,-65.40265322782147,0.79,1.09,-0.3,0.961,0.808,8.3,4.8,14,5
2025-12-27,West Ham,Fulham,2025-2026,A,A,True,0.2119215272604568,0.2676999294280621,0.520378543311481,-81.92195017990593,1.84,0.67,1.17,1.064,0.948,10.6,0.0,5,4
2025-12-28,Crystal Palace,Tottenham,2025-2026,A,H,False,0.7209174386160849,0.1709925884213313,0.1080899729625838,128.47331283441008,1.88,0.78,1.1,1.577,1.253,5.6,6.7,4,6
2025-12-30,West Ham,Brighton,2025-2026,D,A,False,0.2767034056821721,0.3558458146902269,0.367450779627601,-124.0,1.56,0.83,0.73,1.399,0.73,9.7,13.4,6,6
2025-12-30,Burnley,Newcastle,2025-2026,A,D,False,0.2141266022571988,0.3967246780951052,0.3891487196476959,-184.0,1.5,2.07,-0.57,1.118,0.699,6.4,11.3,7,6
2025-12-30,Man United,Wolves,2025-2026,D,H,False,0.6889430623684679,0.1683777446343674,0.1426791929971647,168.0,1.56,1.47,0.09,1.171,1.198,10.7,11.5,5,4
2026-01-01,Brentford,Tottenham,2025-2026,D,H,False,0.4800822206158333,0.2979810766047475,0.2219367027794191,31.0,1.03,1.71,-0.68,1.136,0.912,10.1,12.6,14,4
2026-01-01,Crystal Palace,Fulham,2025-2026,D,H,False,0.3691709789339613,0.3295190220614009,0.3013099990046377,-11.0,1.42,1.51,-0.09,1.219,0.836,3.5,7.7,3,10
2026-01-03,Wolves,West Ham,2025-2026,H,A,False,0.2954240645069656,0.3352939544197534,0.3692819810732811,-41.0,1.05,0.76,0.29,0.88,1.168,12.2,8.1,5,6
2026-01-03,Aston Villa,Nott'm Forest,2025-2026,H,H,True,0.5481814086629502,0.2577741924297979,0.1940443989072518,152.0,1.99,0.87,1.12,1.106,0.807,5.2,4.6,6,10
2026-01-04,Tottenham,Sunderland,2025-2026,D,H,False,0.6830565101099748,0.1802318135802406,0.1367116763097847,113.0,1.45,1.32,0.13,0.809,1.279,11.0,5.9,10,7
2026-01-04,Leeds,Man United,2025-2026,D,H,False,0.3416355676683545,0.3295291574308646,0.3288352749007809,-80.0,0.95,0.75,0.2,1.15,1.109,9.1,9.9,4,6
2026-01-07,Brentford,Sunderland,2025-2026,H,H,True,0.6556719712728215,0.2099087474584825,0.1344192812686959,144.0,1.4,1.39,0.01,1.283,0.831,15.0,12.5,7,6
2026-01-07,Bournemouth,Tottenham,2025-2026,H,D,False,0.3313783941111479,0.3466465883262149,0.3219750175626372,-1.0,1.58,1.1,0.48,1.003,1.37,6.5,6.7,6,10
2026-01-07,Man City,Brighton,2025-2026,D,H,False,0.6569374743300023,0.2065070892263553,0.1365554364436423,113.0,1.26,0.96,0.3,1.457,0.817,6.0,5.4,5,6
2026-01-07,Newcastle,Leeds,2025-2026,H,H,True,0.6588302665389731,0.2087245366807815,0.1324451967802452,120.0,1.15,1.41,-0.26,0.9,1.071,7.4,7.3,4,6
2026-01-08,Arsenal,Liverpool,2025-2026,D,H,False,0.4195922608261196,0.3388306828901399,0.2415770562837405,113.0,1.62,1.3,0.32,0.85,0.989,6.2,9.9,10,4
2026-01-17,Leeds,Fulham,2025-2026,H,H,True,0.3592961051857973,0.3229833866293704,0.3177205081848323,-42.0,1.47,1.08,0.39,1.129,1.218,10.9,1.1,4,5
2026-01-17,Tottenham,West Ham,2025-2026,A,H,False,0.5140052855523619,0.2699958645527636,0.2159988498948745,91.0,1.26,1.62,-0.36,1.344,1.234,0.5,0.0,5,6
2026-01-17,Nott'm Forest,Arsenal,2025-2026,D,A,False,0.229397550344104,0.3813425905978551,0.3892598590580409,-293.0,0.9,0.97,-0.07,1.327,1.039,3.0,4.9,4,4
2026-01-17,Man United,Man City,2025-2026,H,D,False,0.2323719903960664,0.394753332617785,0.3728746769861487,-110.0,1.39,1.54,-0.15,0.967,0.844,2.9,2.1,10,4
2026-01-18,Wolves,Newcastle,2025-2026,D,D,True,0.2276042284807608,0.3999203999987522,0.372475371520487,-208.0,0.54,1.61,-1.07,1.238,1.099,11.6,5.1,6,5
2026-01-18,Aston Villa,Everton,2025-2026,A,H,False,0.5176054627746602,0.2863621170589426,0.1960324201663971,107.0,0.87,0.99,-0.12,1.132,0.804,14.9,6.7,7,4
